1.92776019608,0.249042612003,0.0534698058444
1.53044634765,0.386775682865,0.0534698058444
2.27767764208,0.00164800915909,0.0672896856689
2.00752068122,0.241097281966,0.0672896856689
1.49234470348,0.366459791585,0.0800483669535
1.86816622727,-0.119259492141,0.0800483669535
1.5963496067,-0.185179179685,0.0915446376727
2.4522886325,0.291045351661,0.0915446376727
1.90896187826,0.243467434871,0.0677314631798
1.83883679194,0.288633100141,0.0677314631798
1.8420161273,0.277133968322,0.0677314631798
1.63693109509,0.306624125268,0.0733650022759
1.54230814913,0.442302041346,0.0733650022759
2.24043696129,0.342241671807,0.0733650022759
1.57990222778,0.38504965457,0.0778415314601
2.21042291013,0.119628330377,0.0778415314601
2.00001045043,0.31815144025,0.0778415314601
1.77720236596,0.514822947357,0.0810904531928
2.23609042309,0.3407502627,0.0810904531928
2.06790660441,0.290705969937,0.0810904531928
1.72277218383,0.466626086969,0.0830605300376
2.24634802369,0.315089814499,0.0830605300376
2.12966553928,0.332060803207,0.0830605300376
2.19227797005,0.612453101873,0.0837206927058
1.61787049524,-0.289117260024,0.0837206927058
2.12388604321,0.644733739865,0.0837206927058
1.71658052361,0.304769181727,0.0830605300376
1.85911360087,0.37597016639,0.0830605300376
1.7448193701,0.320252912354,0.0830605300376
1.96403620425,0.543268011171,0.0810904531928
2.15846950746,0.357392316532,0.0810904531928
1.7403289467,0.300838443503,0.0810904531928
2.24425803004,0.387947429324,0.0778415314601
1.5863597837,0.343082059265,0.0778415314601
2.0040714305,0.293736191888,0.0778415314601
2.26098808583,0.392786268962,0.0733650022759
0.753768573511,0.796819166881,0.0733650022759
1.75792671006,0.364259213115,0.0733650022759
0.777220332486,0.633895089428,0.0677314631798
2.2252361815,-0.00335992435226,0.0677314631798
0.481645234086,0.927880589501,0.0677314631798
0.353043379661,0.966247116504,0.0915446376727
0.954999247611,0.576874324113,0.0915446376727
1.13793267992,-0.149799550241,0.0800483669535
1.27278752081,0.298480699829,0.0800483669535
0.702353488224,1.00105303054,0.0672896856689
0.859368559132,1.08094501225,0.0672896856689
0.517291100786,0.867502769398,0.0534698058444
0.955567299284,1.10488522651,0.0534698058444
1.22611361598,-0.648616014622,-0.0534698058444
0.0308473119987,-1.11980779281,-0.0534698058444
1.290979652,-0.453892556288,-0.0672896856689
0.809481759079,-0.662864441785,-0.0672896856689
2.271271975,0.0301670044281,-0.0800483669535
-0.190109916456,-1.15999836985,-0.0800483669535
1.75463041947,-0.312279636375,-0.0915446376727
1.34037820859,-0.479633737159,-0.0915446376727
0.601453682151,-0.964367813482,-0.0677314631798
1.10405355805,-0.907021775502,-0.0677314631798
2.10674977203,0.657464278575,-0.0677314631798
2.11233525479,-0.0359847687248,-0.0733650022759
1.55514630934,-0.231288102345,-0.0733650022759
1.86072330208,-0.19185182249,-0.0733650022759
2.17636936008,0.000510841957889,-0.0778415314601
1.93459088484,-0.33150029705,-0.0778415314601
1.93156980501,-0.406328226035,-0.0778415314601
2.12833103289,-0.0146752493698,-0.0810904531928
1.81135230778,-0.146292655358,-0.0810904531928
2.30233557066,0.0885216717458,-0.0810904531928
1.75516806504,-0.264596665756,-0.0830605300376
1.53384203215,-0.22049867745,-0.0830605300376
2.06757602515,-0.226021219156,-0.0830605300376
1.89478855206,-0.307076459495,-0.0837206927058
1.83413351922,-0.199219557919,-0.0837206927058
1.78524818094,-0.143303047988,-0.0837206927058
1.92815181915,-0.122519960609,-0.0830605300376
2.56934575699,-0.170743373238,-0.0830605300376
2.13298599826,-0.0682228851922,-0.0830605300376
1.87427626258,-0.242908601822,-0.0810904531928
1.99360704998,-0.16565047848,-0.0810904531928
2.29273726691,0.0341281002558,-0.0810904531928
1.99497400996,-0.0803324264876,-0.0778415314601
1.81257386571,-0.127264408844,-0.0778415314601
1.93153283766,-0.164276251697,-0.0778415314601
2.18946646734,-0.056163015821,-0.0733650022759
1.91110746004,-0.147928856076,-0.0733650022759
1.9097147784,-0.120326111763,-0.0733650022759
2.10866080796,-0.0756896686228,-0.0677314631798
2.03198026038,-0.416586916399,-0.0677314631798
2.04661218223,-0.0914795475261,-0.0677314631798
2.37438719999,-0.0765440843398,-0.0915446376727
2.01045285542,-0.0807602365483,-0.0915446376727
2.30031489638,0.0782836765168,-0.0800483669535
1.96876591697,-0.0929024278375,-0.0800483669535
1.98915892284,-0.083462073968,-0.0672896856689
1.71291338943,-0.305082722591,-0.0672896856689
1.67435377052,-0.269648013781,-0.0534698058444
1.82607155991,-0.203556722103,-0.0534698058444
1.89679728444,0.238487156974,0.0534698058444
1.94119578457,-0.140888464801,0.0534698058444
1.8111989051,0.318264856094,0.0672896856689
1.67346052406,0.347857776414,0.0672896856689
1.81511592698,0.297423275835,0.0800483669535
1.90606861368,0.281512072082,0.0800483669535
2.091979508,0.34315904201,0.0915446376727
1.91699434058,0.229425844383,0.0915446376727
1.66115928981,0.514751893053,0.0677314631798
1.73857761855,-0.302776973357,0.0677314631798
1.75465070355,-0.30290323702,0.0677314631798
1.63610440048,0.468008649831,0.0733650022759
2.06490870689,0.262350204624,0.0733650022759
1.8907845923,-0.15257764012,0.0733650022759
1.91241603809,0.247416537552,0.0778415314601
1.95593131303,0.216139694795,0.0778415314601
1.92154105389,0.249887153896,0.0778415314601
1.98674614163,0.26192694467,0.0810904531928
1.63066158969,0.358332832274,0.0810904531928
1.66333047945,0.331995782755,0.0810904531928
1.78777931921,-0.269114984154,0.0830605300376
2.11138173522,0.505261373602,0.0830605300376
1.60362875713,0.416812070595,0.0830605300376
2.01991141326,0.28194366237,0.0837206927058
1.69918807334,0.442943454616,0.0837206927058
1.74414118319,0.602391894165,0.0837206927058
1.98318421028,0.366333288663,0.0830605300376
1.79109187205,0.267377827984,0.0830605300376
2.01487921149,0.419690707514,0.0830605300376
2.15264706181,0.478678535203,0.0810904531928
2.30497087234,0.533342851527,0.0810904531928
1.8045036816,0.294101244253,0.0810904531928
2.07074425369,0.699017293833,0.0778415314601
1.74494073166,0.317787819183,0.0778415314601
2.09199391289,0.447872518907,0.0778415314601
1.31768603435,0.405225345959,0.0733650022759
0.33265180619,1.07253860822,0.0733650022759
1.58554801812,0.326659137224,0.0733650022759
2.12078612177,0.406345882336,0.0677314631798
2.03113053763,-0.0994910586353,0.0677314631798
1.22743919533,0.376836593909,0.0677314631798
0.971935792603,0.368583716191,0.0915446376727
1.45838392883,0.368529971023,0.0915446376727
1.00876092949,0.138911537575,0.0800483669535
2.21120047161,0.336264670433,0.0800483669535
-0.219003252067,1.19216756691,0.0672896856689
1.06760387991,-0.0781467027686,0.0672896856689
0.7333886888,0.804856018703,0.0534698058444
1.35201344756,0.470506846613,0.0534698058444
0.912274435267,-1.08932853189,-0.0534698058444
0.414314469977,-0.989398418834,-0.0534698058444
1.27250232749,-0.959870810593,-0.0672896856689
1.16862930751,-0.601841679806,-0.0672896856689
1.32993232398,-0.389067461165,-0.0800483669535
1.66112372696,-0.289216943191,-0.0800483669535
0.844291267211,-0.548432691195,-0.0915446376727
1.78700398457,-0.247344725465,-0.0915446376727
1.20535138242,-0.659795483312,-0.0677314631798
0.936524970983,-0.5730899674,-0.0677314631798
0.783773679845,-0.794029014284,-0.0677314631798
2.16263688308,-0.196222010584,-0.0733650022759
2.25239950367,-0.134132667523,-0.0733650022759
2.01412387609,-0.0808638385466,-0.0733650022759
2.27505023371,0.549186445001,-0.0778415314601
2.02792366356,-0.297834579144,-0.0778415314601
1.82595731098,-0.206684356394,-0.0778415314601
2.09076905526,-0.0141994864205,-0.0810904531928
2.24949665013,-0.042387120488,-0.0810904531928
2.21801183212,0.130992865631,-0.0810904531928
1.8717057388,0.683391554435,-0.0830605300376
1.73878073172,-0.216644839497,-0.0830605300376
2.01069370403,-0.223992843168,-0.0830605300376
2.10571174023,-0.0664396677462,-0.0837206927058
1.84845096458,-0.420901844288,-0.0837206927058
1.89468898847,-0.232282822488,-0.0837206927058
2.08130640087,-0.278304835263,-0.0830605300376
2.02211309212,-0.0854942183426,-0.0830605300376
1.90994075512,-0.160106952187,-0.0830605300376
2.15287022809,-0.033900222836,-0.0810904531928
2.08882050319,-0.0833898481329,-0.0810904531928
2.13827617019,-0.00644724380123,-0.0810904531928
1.81313225037,-0.318959208221,-0.0778415314601
2.10336717829,-0.115055035604,-0.0778415314601
1.88545305181,-0.158222141805,-0.0778415314601
2.0612884708,-0.108353547715,-0.0733650022759
2.08405851147,-0.122307258711,-0.0733650022759
1.88697893982,-0.12079111843,-0.0733650022759
1.92808585018,-0.161929524423,-0.0677314631798
2.41692088953,-0.0885950826237,-0.0677314631798
1.73382176164,-0.250560367593,-0.0677314631798
2.4077210542,-0.227165791698,-0.0915446376727
1.80532381916,0.741211645608,-0.0915446376727
1.58057162436,0.321527183456,-0.0800483669535
2.4005409283,-0.312683104392,-0.0800483669535
2.00997574505,-0.105976847796,-0.0672896856689
2.10919753464,0.356847923719,-0.0672896856689
1.96551732873,-0.100350848247,-0.0534698058444
1.77015941795,-0.230529056314,-0.0534698058444
2.20429751567,0.362270364724,0.0534698058444
1.72436968134,-0.32355863362,0.0534698058444
1.7770469344,-0.220969577446,0.0672896856689
1.63034698599,0.288529105887,0.0672896856689
1.8368584832,0.258518062284,0.0800483669535
1.71610945015,0.651617162175,0.0800483669535
2.01984409419,0.622124126719,0.0915446376727
2.2397056096,0.349250794863,0.0915446376727
2.04364558076,0.244005151081,0.0677314631798
1.81682711963,0.4948207297,0.0677314631798
1.9363204212,0.236171367792,0.0677314631798
2.0363445372,0.570546740777,0.0733650022759
1.97907339119,0.641484857802,0.0733650022759
1.9073947897,0.527863894587,0.0733650022759
2.00873078732,0.683136733657,0.0778415314601
2.06439843973,-0.0225641620719,0.0778415314601
2.12101147669,0.309466156609,0.0778415314601
1.75249215323,0.445628856111,0.0810904531928
2.03674826399,0.633513737437,0.0810904531928
2.17195782925,0.32045142747,0.0810904531928
1.89391022023,0.59728005253,0.0830605300376
1.79800584032,0.666140389505,0.0830605300376
1.6665835275,0.528554406686,0.0830605300376
1.72357246883,0.307156003907,0.0837206927058
1.80674212725,0.12037009217,0.0837206927058
2.00947889169,0.239194963373,0.0837206927058
1.79618153717,0.542430470422,0.0830605300376
1.94700780087,0.482906257943,0.0830605300376
2.27860753892,0.318843877609,0.0830605300376
1.83823907027,0.427264439218,0.0810904531928
2.21432096596,0.400511438005,0.0810904531928
2.20603262988,0.282102994582,0.0810904531928
1.31144239699,0.239447127443,0.0778415314601
1.55634718833,0.362111477964,0.0778415314601
1.80293967834,0.243312356056,0.0778415314601
1.72865119266,0.296922857659,0.0733650022759
1.76996614451,0.333071261367,0.0733650022759
1.98624345993,0.55045932402,0.0733650022759
1.06246664696,0.729143333498,0.0677314631798
2.26109579131,0.29212867918,0.0677314631798
2.02329325249,0.259336713687,0.0677314631798
1.77218512915,0.469218143023,0.0915446376727
1.41231586513,0.327038615522,0.0915446376727
0.888087141876,0.53161952369,0.0800483669535
0.941631100861,0.419632207813,0.0800483669535
1.11346586216,0.0222556148646,0.0672896856689
1.29734309905,0.352058440706,0.0672896856689
0.959624762292,1.0856836172,0.0534698058444
0.824599326605,1.04331489282,0.0534698058444
1.32901921851,-0.948235390314,-0.0534698058444
0.968579545885,-0.491678765443,-0.0534698058444
0.428705744809,-0.973598108629,-0.0672896856689
1.24488437855,-0.64818812628,-0.0672896856689
0.703260504621,-1.08242362965,-0.0800483669535
-0.112639809866,-1.15673434662,-0.0800483669535
2.0140944932,-0.14261068565,-0.0915446376727
1.04917580574,-0.377862316017,-0.0915446376727
2.03028901787,-0.109216148635,-0.0677314631798
1.69138558437,-0.297547910926,-0.0677314631798
1.9518724672,-0.162525767494,-0.0677314631798
1.37124431302,0.222405373865,-0.0733650022759
1.03466836495,-0.337738131659,-0.0733650022759
1.68494303015,-0.298791160529,-0.0733650022759
2.21921544963,0.0469004829156,-0.0778415314601
2.30088195804,-0.0782534980987,-0.0778415314601
2.25820030188,0.0581446709484,-0.0778415314601
1.57163819629,-0.232467780621,-0.0810904531928
1.66688052322,-0.208416613482,-0.0810904531928
1.84684137093,-0.31232189405,-0.0810904531928
1.87495695703,-0.160391051664,-0.0830605300376
2.04868825552,-0.256107726309,-0.0830605300376
2.21036982792,0.340535023522,-0.0830605300376
2.27552805404,0.0583984546847,-0.0837206927058
2.16735717656,-0.229280231309,-0.0837206927058
1.94052804173,-0.110567781181,-0.0837206927058
1.79073665632,-0.260220768203,-0.0830605300376
2.520872219,-0.189943872703,-0.0830605300376
1.61032639013,-0.291784209123,-0.0830605300376
2.23868228894,-0.0194951945336,-0.0810904531928
2.27383602202,0.138532038235,-0.0810904531928
1.84902564352,0.277414047117,-0.0810904531928
1.90081289236,-0.382673553433,-0.0778415314601
1.77944558695,-0.2361852855,-0.0778415314601
1.81094210514,-0.177199668216,-0.0778415314601
1.79235864218,-0.215110395467,-0.0733650022759
2.00171146973,-0.0694639489906,-0.0733650022759
1.69338255415,0.536110670324,-0.0733650022759
2.60917409907,0.245721041453,-0.0677314631798
2.4516525845,-0.215686387099,-0.0677314631798
1.80606492147,-0.131014919415,-0.0677314631798
2.1422661357,-0.264613744047,-0.0915446376727
1.79209459794,-0.224042672006,-0.0915446376727
1.55793298892,0.439070916217,-0.0800483669535
2.30859443815,-0.137347588608,-0.0800483669535
2.33517700432,-0.249434337781,-0.0672896856689
1.58689377977,-0.303944437945,-0.0672896856689
1.59943399394,0.295601634176,-0.0534698058444
2.02799303831,-0.0523321036657,-0.0534698058444
1.65024587989,0.458116009533,0.0534698058444
1.76890569549,0.315896133651,0.0534698058444
1.75703597996,0.284321955345,0.0672896856689
1.89686961572,0.636933638732,0.0672896856689
1.80582755337,0.463067788203,0.0800483669535
2.03341647669,0.535100604245,0.0800483669535
1.86999720612,0.263208309396,0.0915446376727
1.63052717563,0.432809283873,0.0915446376727
1.84551885341,0.541438506473,0.0677314631798
1.83510077989,0.288784658925,0.0677314631798
1.84641150421,0.256630094419,0.0677314631798
1.76639861056,0.278032847431,0.0733650022759
1.61947752211,0.336426009121,0.0733650022759
1.99529466989,0.553531599694,0.0733650022759
1.85774625292,0.486542857147,0.0778415314601
2.19828777096,0.349784264169,0.0778415314601
1.90558430945,0.272590908144,0.0778415314601
2.14450233089,0.0253608054355,0.0810904531928
1.95871958933,0.231369569641,0.0810904531928
2.27313433784,0.322912575119,0.0810904531928
1.71775483738,0.283783106305,0.0830605300376
2.19745846891,0.593379114507,0.0830605300376
1.84970782536,0.60938849319,0.0830605300376
1.82446492069,0.519106532401,0.0837206927058
1.37583352267,0.343208128168,0.0837206927058
1.81201356151,0.340687960069,0.0837206927058
2.08250322122,0.215835568201,0.0830605300376
1.96257087077,-0.133915934163,0.0830605300376
2.02724461988,0.235574863666,0.0830605300376
2.19483488934,0.365648093936,0.0810904531928
1.80982210534,0.259348432894,0.0810904531928
1.57435446835,0.327498082771,0.0810904531928
1.67735789465,-0.171410497564,0.0778415314601
1.86733991037,0.250050184165,0.0778415314601
2.2453020925,0.34875439013,0.0778415314601
2.1056173035,0.327626828312,0.0733650022759
2.03690603126,0.590467877355,0.0733650022759
1.67196429089,0.310234862225,0.0733650022759
1.17707205469,0.126748271227,0.0677314631798
2.05031397876,0.675310067917,0.0677314631798
2.10438450861,0.673567900848,0.0677314631798
1.15233622465,0.11778277363,0.0915446376727
1.14661818919,-0.0507347662022,0.0915446376727
1.02783237354,0.528753827061,0.0800483669535
1.33565084885,0.586373025862,0.0800483669535
0.876909837065,1.11597090996,0.0672896856689
1.12809521313,0.584349754922,0.0672896856689
0.948179304006,0.767843689296,0.0534698058444
1.16124297419,0.827558979321,0.0534698058444
-0.644633791779,-0.936693147539,-0.0534698058444
-0.681165408611,-0.962563363608,-0.0534698058444
1.34479822141,-0.677575812877,-0.0672896856689
1.013989108,-0.683331259708,-0.0672896856689
1.07714658581,-0.0815680521557,-0.0800483669535
0.968040826337,-0.662068425369,-0.0800483669535
1.50571541283,-0.184531040674,-0.0915446376727
1.23141963773,-0.302263739464,-0.0915446376727
1.235191775,-0.0256773822751,-0.0677314631798
1.58047825957,-0.381371230246,-0.0677314631798
1.560672926,-0.320740186803,-0.0677314631798
1.35911394138,-0.403529489004,-0.0733650022759
1.74469841603,-0.256042953475,-0.0733650022759
1.45158189836,-0.141067025959,-0.0733650022759
1.67071788288,-0.201539686186,-0.0778415314601
1.41011786202,-0.24016248613,-0.0778415314601
1.20113202069,-0.134104662381,-0.0778415314601
1.18804767356,0.0469906537801,-0.0810904531928
1.05027817446,-0.155717009952,-0.0810904531928
1.86582578257,-0.166424506003,-0.0810904531928
2.28007054658,-0.0483756265758,-0.0830605300376
2.22329443479,-0.216354498825,-0.0830605300376
2.25104949642,-0.103396389081,-0.0830605300376
2.06190167817,-0.0896210550927,-0.0837206927058
1.82498443693,0.519293869903,-0.0837206927058
1.99766297534,-0.280979769034,-0.0837206927058
1.91821130219,-0.269579100615,-0.0830605300376
2.40665989268,-0.0723978352387,-0.0830605300376
2.26800640911,-0.147674901034,-0.0830605300376
2.26011347323,-0.00599835530708,-0.0810904531928
1.3515879893,-0.294976642789,-0.0810904531928
2.0341692703,-0.100060986204,-0.0810904531928
2.06839896011,-0.149975157127,-0.0778415314601
1.26652070227,-0.491326346557,-0.0778415314601
2.31321827664,0.122477459047,-0.0778415314601
1.87493286568,-0.179540964841,-0.0733650022759
2.30264875229,-0.0440415053564,-0.0733650022759
2.14321806809,-0.166272911691,-0.0733650022759
2.18167327047,-0.0762957446892,-0.0677314631798
1.99521802176,-0.138404209682,-0.0677314631798
2.12500951738,-0.261121447928,-0.0677314631798
1.89026103964,-0.166223799516,-0.0915446376727
1.80919726962,-0.291592920499,-0.0915446376727
2.27399246384,-0.00331024351471,-0.0800483669535
1.75748282531,-0.227585810344,-0.0800483669535
1.90797927409,0.228057239616,-0.0672896856689
1.62142957677,0.476296739369,-0.0672896856689
1.68709215939,-0.215130104499,-0.0534698058444
1.7176047946,-0.273810352587,-0.0534698058444
2.03172946586,0.247658876402,0.0534698058444
1.69379769688,0.380695541669,0.0534698058444
2.17399078006,0.358033323133,0.0672896856689
2.16562326121,0.25178768257,0.0672896856689
2.02028745662,0.287988725615,0.0800483669535
1.91808750236,-0.160040271347,0.0800483669535
2.03625158695,0.292375911516,0.0915446376727
1.79432629401,0.298694254285,0.0915446376727
1.92275299537,0.238043993188,0.0677314631798
1.90429617415,0.485358379308,0.0677314631798
2.20075901915,0.583434863106,0.0677314631798
1.94714972967,0.322929532696,0.0733650022759
1.78121935155,0.583228850838,0.0733650022759
1.73120204513,0.500099544035,0.0733650022759
1.906548188,0.415418385275,0.0778415314601
1.93602352618,0.254266021249,0.0778415314601
1.88556050614,0.552374797131,0.0778415314601
2.03873843022,0.482695192958,0.0810904531928
1.68860351733,0.499559030365,0.0810904531928
1.88412946416,0.0811412485091,0.0810904531928
1.97880353305,-0.124993773926,0.0830605300376
1.05717321883,0.442835400671,0.0830605300376
2.09638266956,-0.0878576998751,0.0830605300376
1.83159319177,0.239512726559,0.0837206927058
1.90628996887,-0.112551204305,0.0837206927058
1.35903828825,0.40748868301,0.0837206927058
2.18121838392,0.346164137994,0.0830605300376
1.24111976331,0.286681617855,0.0830605300376
1.74123098266,0.264680463449,0.0830605300376
2.23300430492,0.290691829252,0.0810904531928
1.17128664854,0.429318855056,0.0810904531928
1.26571292935,0.399642982905,0.0810904531928
1.27368826983,0.190637345014,0.0778415314601
1.2122484478,0.427526984017,0.0778415314601
1.71607441563,-0.135612232325,0.0778415314601
1.16885770478,-0.0968487737682,0.0733650022759
1.34098167989,0.639798665165,0.0733650022759
0.942537965037,0.448195727139,0.0733650022759
1.13205983383,-0.0527284207563,0.0677314631798
1.25043544185,0.0702851461008,0.0677314631798
1.13351723093,0.309927269106,0.0677314631798
1.1176982165,-0.0491211044635,0.0915446376727
1.88423188883,0.277548047079,0.0915446376727
1.09697627517,0.906493452041,0.0800483669535
0.823127519481,0.571804073301,0.0800483669535
0.684696747943,0.82402932702,0.0672896856689
0.699363748132,0.843227081003,0.0672896856689
-0.608235827749,1.00480195914,0.0534698058444
-0.538095657278,1.0434182706,0.0534698058444
-0.57508767635,-0.968137580695,-0.0534698058444
-0.405498911592,-1.12051897123,-0.0534698058444
0.987848782331,-0.765663651455,-0.0672896856689
-0.0285535102102,-1.16158807824,-0.0672896856689
1.26134914879,-1.06392968805,-0.0800483669535
1.13948477885,0.0914524973941,-0.0800483669535
1.13846121005,0.130011032338,-0.0915446376727
1.18416607361,-0.749978076749,-0.0915446376727
1.34393399057,-0.882587035223,-0.0677314631798
1.29835824884,-0.147127600604,-0.0677314631798
1.26860496165,-0.0529555319579,-0.0677314631798
1.72533311006,-0.313245991333,-0.0733650022759
1.21748422552,0.10622569687,-0.0733650022759
1.21997795163,-0.474083713612,-0.0733650022759
1.53161227084,-0.202731540818,-0.0778415314601
1.12863769226,-0.525234657729,-0.0778415314601
1.00123807162,-0.448883918859,-0.0778415314601
1.35407011027,-0.805228989049,-0.0810904531928
1.37283754971,-0.0267642560837,-0.0810904531928
1.22410439651,-0.482795837855,-0.0810904531928
1.48428743542,-0.29484793919,-0.0830605300376
1.38791763826,0.236822471005,-0.0830605300376
1.15748938189,-0.549053094309,-0.0830605300376
2.366968639,-0.120675821996,-0.0837206927058
1.45932036788,0.0169847908969,-0.0837206927058
1.74654941622,0.247714609601,-0.0837206927058
2.24497927846,-0.07127661999,-0.0830605300376
1.40666154211,-0.271505036562,-0.0830605300376
1.63418420854,-0.168885148189,-0.0830605300376
1.49452958555,-0.207277885008,-0.0810904531928
1.66880245293,-0.235458948912,-0.0810904531928
1.48553811859,-0.155007597076,-0.0810904531928
2.08343506324,-0.0633225164122,-0.0778415314601
1.98650333826,-0.121206383763,-0.0778415314601
2.17206239175,-0.140367030795,-0.0778415314601
2.14849170071,-0.107281652895,-0.0733650022759
2.08143484072,-0.243495690477,-0.0733650022759
1.76548019814,0.523993396738,-0.0733650022759
2.20920091786,-0.232964400895,-0.0677314631798
2.04858587283,-0.0881764020573,-0.0677314631798
1.89145626177,-0.187418600012,-0.0677314631798
1.84866895852,-0.171561619197,-0.0915446376727
1.65845631297,-0.237758165678,-0.0915446376727
2.17198633615,-0.3430518108,-0.0800483669535
1.81566449055,0.650322448756,-0.0800483669535
2.44932780895,-0.0876140237618,-0.0672896856689
2.14055988112,-0.123985825676,-0.0672896856689
2.18255513663,-0.22922433279,-0.0534698058444
1.40273361206,-0.223809511144,-0.0534698058444
2.11217966917,-0.438937165813,0.0534698058444
1.60636370859,-0.252682227653,0.0534698058444
2.13083177455,0.282990265075,0.0672896856689
2.13781899011,0.32778328172,0.0672896856689
2.08069842173,0.343429676653,0.0800483669535
2.23832148047,0.587050648711,0.0800483669535
1.97367520707,0.267095652995,0.0915446376727
1.19494417719,0.285139421742,0.0915446376727
1.96192674839,0.260303640279,0.0677314631798
1.22689976603,0.330462613871,0.0677314631798
1.7032765139,0.33819770957,0.0677314631798
1.70128702397,0.549417250861,0.0733650022759
1.71574972185,0.565916370036,0.0733650022759
2.04513213865,0.442353107381,0.0733650022759
2.21360325897,0.262488492281,0.0778415314601
1.55632913555,0.370460228173,0.0778415314601
1.91840466749,0.244959542906,0.0778415314601
1.2427612795,0.1941008398,0.0810904531928
1.01826414164,0.455724600249,0.0810904531928
1.91319071375,0.283738205685,0.0810904531928
2.27804446672,0.0985183487632,0.0830605300376
2.18730069957,0.458259987874,0.0830605300376
1.16928870161,0.373902871399,0.0830605300376
1.40686799622,0.396786391188,0.0837206927058
2.1440753804,-0.0439304860898,0.0837206927058
2.28520781979,0.340440400471,0.0837206927058
1.18123936063,0.0813647735641,0.0830605300376
1.19065660969,0.401688296114,0.0830605300376
0.797918112459,0.724675781844,0.0830605300376
1.17992254834,0.109609671789,0.0810904531928
1.26231264484,0.282685340773,0.0810904531928
0.933287541729,0.541620729096,0.0810904531928
1.15366582351,0.594957108712,0.0778415314601
1.15931174964,-0.000285721270121,0.0778415314601
1.34279480199,0.244107988092,0.0778415314601
1.20349458544,0.0331423718187,0.0733650022759
1.13693059148,0.293854646385,0.0733650022759
1.27983043719,0.39340457352,0.0733650022759
1.41766843217,0.292714385947,0.0677314631798
1.30932335763,0.386961398044,0.0677314631798
1.1254453751,0.0593904146168,0.0677314631798
1.16838842028,0.769295523472,0.0915446376727
0.972943378521,1.15425793444,0.0915446376727
0.710541047231,1.19123047922,0.0800483669535
0.680888204238,0.760566495938,0.0800483669535
-0.595478069534,0.966039303022,0.0672896856689
-0.685944174887,0.924012133406,0.0672896856689
-0.614444700932,1.0251352808,0.0534698058444
-0.606214141809,1.043095491,0.0534698058444
-0.493377359945,-1.03714862647,-0.0534698058444
-0.521674979195,-1.0373866004,-0.0534698058444
0.22050017464,-1.13484427156,-0.0672896856689
-0.542547823867,-1.06682563972,-0.0672896856689
0.992779043365,-0.910387397728,-0.0800483669535
-0.0516348430707,-1.16534171869,-0.0800483669535
1.30039232641,-0.897898478813,-0.0915446376727
1.02576879941,-0.892586829915,-0.0915446376727
1.10545260608,0.148613529909,-0.0677314631798
1.22723273886,-0.673063383156,-0.0677314631798
1.24794016998,-0.647978318049,-0.0677314631798
1.10429765197,-0.762139886125,-0.0733650022759
1.39732899692,0.108115037801,-0.0733650022759
1.01508336104,-0.239693980984,-0.0733650022759
2.0226945504,0.169524183238,-0.0778415314601
0.913705207278,-0.415956433117,-0.0778415314601
1.57429754253,-0.298672548263,-0.0778415314601
1.46487032082,-0.224053707026,-0.0810904531928
0.928078037655,-0.42598136875,-0.0810904531928
1.31623704764,0.0981088319643,-0.0810904531928
1.94232765503,0.306621368595,-0.0830605300376
1.66667020068,-0.215163162306,-0.0830605300376
1.48814007741,0.160854686915,-0.0830605300376
1.71509909176,0.0469622231142,-0.0837206927058
1.39933613096,-0.301706435842,-0.0837206927058
1.69531900241,-0.300925088515,-0.0837206927058
1.30995840373,-0.563409530876,-0.0830605300376
1.20750537149,-0.512727527259,-0.0830605300376
1.41344789706,-0.258620970852,-0.0830605300376
1.29185881503,0.0312709263325,-0.0810904531928
1.92249550995,-0.167424264004,-0.0810904531928
1.47307814233,-0.510650517401,-0.0810904531928
2.25780866898,0.152390648404,-0.0778415314601
1.86013562621,-0.242912295009,-0.0778415314601
1.84233147717,0.317161845827,-0.0778415314601
1.50525175037,-0.231678635392,-0.0733650022759
1.8022624518,-0.150944169628,-0.0733650022759
1.40254568538,-0.190311231708,-0.0733650022759
1.81712255092,-0.212984053629,-0.0677314631798
1.52575162294,-0.211565384135,-0.0677314631798
1.35368601551,-0.377191393654,-0.0677314631798
1.9118817758,-0.136577603241,-0.0915446376727
1.69864538952,-0.247756842883,-0.0915446376727
2.58894637769,0.115736103452,-0.0800483669535
1.63422623649,-0.233859284235,-0.0800483669535
1.7385527679,-0.27290293351,-0.0672896856689
1.94334269491,-0.216835498045,-0.0672896856689
2.1584728723,-0.251117686644,-0.0534698058444
2.4177170254,0.198049576148,-0.0534698058444
1.94057366193,0.591895671118,0.0534698058444
1.91253934112,0.566144300921,0.0534698058444
1.73741751011,0.388567350495,0.0672896856689
2.09006925581,0.279120566703,0.0672896856689
1.71446240271,0.438312910815,0.0800483669535
1.93614571391,0.696786387676,0.0800483669535
1.22616002219,0.264775005806,0.0915446376727
2.00435694289,0.4115425934,0.0915446376727
1.81952140049,0.276520476498,0.0677314631798
2.00262435654,-0.0839573286318,0.0677314631798
1.46067766842,-0.100377188897,0.0677314631798
2.09866211262,0.486727572838,0.0733650022759
1.79443845232,0.315225845758,0.0733650022759
1.23235745294,0.233656327015,0.0733650022759
1.88377540606,0.276979001814,0.0778415314601
2.25507797497,0.275570408441,0.0778415314601
1.34354418584,0.376218831243,0.0778415314601
1.97426969963,0.276674219411,0.0810904531928
1.76051360377,0.254563518945,0.0810904531928
1.28690259046,0.313976726231,0.0810904531928
1.80719359887,0.255049462604,0.0830605300376
1.72146127476,0.150373640426,0.0830605300376
1.51721397421,0.0353434523676,0.0830605300376
1.17918152641,-0.015269775299,0.0837206927058
1.21382441248,0.274381240539,0.0837206927058
1.39651741276,0.421643024142,0.0837206927058
1.29673544039,0.241978163434,0.0830605300376
1.26107949212,0.335149513379,0.0830605300376
1.38735968369,0.340084377711,0.0830605300376
1.10154738578,0.474268576614,0.0810904531928
1.38123475708,0.313764330038,0.0810904531928
1.1445837961,-0.122011945162,0.0810904531928
1.35135257256,0.609682566587,0.0778415314601
1.09736072533,0.211333832502,0.0778415314601
1.05834637843,0.159790105121,0.0778415314601
0.878909612363,0.702912545249,0.0733650022759
0.987742015406,0.335298201461,0.0733650022759
0.90458573213,0.926820782826,0.0733650022759
0.917149817862,1.12562842481,0.0677314631798
0.653659279139,1.06089014759,0.0677314631798
0.674263689889,0.915298950379,0.0677314631798
0.817048405855,1.08338127294,0.0915446376727
0.517235734114,1.02943662601,0.0915446376727
0.0222173354719,1.13145780186,0.0800483669535
-0.680345738347,1.01637963816,0.0800483669535
-0.682552339459,0.933362314705,0.0672896856689
-0.647606644826,0.976495896084,0.0672896856689
-0.403063913266,1.07341332891,0.0534698058444
-0.503317300868,1.02373894512,0.0534698058444
-0.519265802992,-0.955091744699,-0.0534698058444
-0.511439707365,-0.998446213422,-0.0534698058444
-0.588800576263,-0.939888866329,-0.0672896856689
-0.522174165531,-1.02881802435,-0.0672896856689
0.0699441316546,-1.15554374722,-0.0800483669535
0.0571890863815,-1.13574696684,-0.0800483669535
-0.0168306071615,-1.18262131907,-0.0915446376727
0.515703942297,-1.00618277079,-0.0915446376727
1.23317206818,-0.667031643798,-0.0677314631798
0.757085088656,-0.868479627265,-0.0677314631798
1.02307530434,-0.777651298057,-0.0677314631798
0.799791324182,-0.963985634703,-0.0733650022759
1.13726342576,-1.13831725541,-0.0733650022759
1.36671859938,-0.72780635443,-0.0733650022759
0.817071059276,-0.587682954286,-0.0778415314601
1.18515862206,-0.943169294048,-0.0778415314601
1.06594476175,-0.0887165490391,-0.0778415314601
0.712272387827,-0.994431080584,-0.0810904531928
1.3391452618,-0.806528793759,-0.0810904531928
1.2859049539,-0.664069049737,-0.0810904531928
1.12575871357,-0.0550964023942,-0.0830605300376
1.09668157227,-0.378146971023,-0.0830605300376
1.07380420119,-0.519127263566,-0.0830605300376
1.62532453736,-0.22373401752,-0.0837206927058
1.03595864267,-0.488551603661,-0.0837206927058
1.99578831086,0.0850701370015,-0.0837206927058
1.24943793954,-0.440847542819,-0.0830605300376
1.37066996611,-0.262702091547,-0.0830605300376
1.08344596867,-0.503345259746,-0.0830605300376
1.39734140199,-0.207206014832,-0.0810904531928
1.50572646708,-0.559348281822,-0.0810904531928
1.29488142166,-0.744251185614,-0.0810904531928
1.3324556032,-0.36981252017,-0.0778415314601
1.66667095224,-0.269290271051,-0.0778415314601
1.40559737235,-0.781657540622,-0.0778415314601
1.6737721223,-0.283762404949,-0.0733650022759
1.48183088428,-0.00807801248258,-0.0733650022759
1.32089343738,-0.404395815246,-0.0733650022759
1.91780046124,-0.154448939893,-0.0677314631798
1.42476419107,-0.254208053684,-0.0677314631798
1.97863987374,0.543697700103,-0.0677314631798
1.67315638499,-0.230373969575,-0.0915446376727
1.2858812164,-0.400992686369,-0.0915446376727
2.19743877031,-0.0793278948682,-0.0800483669535
2.19148777045,-0.0250390019864,-0.0800483669535
1.7741581652,-0.191971798551,-0.0672896856689
1.40174062599,-0.182297212637,-0.0672896856689
1.68118356698,-0.242026343793,-0.0534698058444
2.0849097681,-0.183733841506,-0.0534698058444
2.00007022083,0.530181337227,0.0534698058444
1.91330780764,0.365878870931,0.0534698058444
1.53302777101,0.348296744538,0.0672896856689
1.26699311992,0.364676587917,0.0672896856689
2.08708388645,0.289688675105,0.0800483669535
2.14699799304,0.385551874452,0.0800483669535
2.18251002326,0.385216223059,0.0915446376727
1.56012905559,0.355147730477,0.0915446376727
1.10823889327,0.338930360415,0.0677314631798
1.15344304857,0.276852120392,0.0677314631798
1.09445188734,0.465428421596,0.0677314631798
1.28025358895,0.115174865379,0.0733650022759
1.29830528954,0.150322803726,0.0733650022759
1.93008669174,0.271633942607,0.0733650022759
0.923492196157,0.383773450571,0.0778415314601
1.06279198277,0.046742725396,0.0778415314601
1.5996549685,0.350455178315,0.0778415314601
1.02553321404,0.461928671469,0.0810904531928
1.318747314,0.157854933765,0.0810904531928
1.22392758129,0.427772594059,0.0810904531928
1.28735625446,0.36256882632,0.0830605300376
1.15271153375,0.235095447854,0.0830605300376
0.983332526519,0.529148371709,0.0830605300376
1.17234952146,0.0241226710205,0.0837206927058
1.31106581326,0.573743084727,0.0837206927058
1.16194219867,-0.161844796469,0.0837206927058
1.06986470383,-0.0100616825207,0.0830605300376
1.04532980647,0.376133801415,0.0830605300376
1.09707690095,-0.0453246300812,0.0830605300376
0.744603079899,0.688695075504,0.0810904531928
0.875993000815,1.03587226266,0.0810904531928
0.619789025404,0.940095708134,0.0810904531928
1.19980201657,0.882183988398,0.0778415314601
1.14756568144,0.691603801722,0.0778415314601
0.645797434984,0.864145146269,0.0778415314601
0.533323995693,0.907133147372,0.0733650022759
0.630125247769,0.939992350223,0.0733650022759
0.850154800425,1.12710735109,0.0733650022759
-0.148789708735,1.17675142545,0.0677314631798
-0.0770664099645,1.1281134447,0.0677314631798
-0.318842717219,1.15838380607,0.0677314631798
-0.0838001720407,1.10650084751,0.0915446376727
-0.034652300681,1.09214771561,0.0915446376727
-0.640357764946,1.0451456461,0.0800483669535
-0.641022013723,1.00217399478,0.0800483669535
-0.385615203775,1.08515109221,0.0672896856689
-0.512188146744,1.06235156578,0.0672896856689
-0.89534062432,0.760188344536,0.0534698058444
-0.793401736161,0.810674623436,0.0534698058444
-0.954246057212,-0.709402705057,-0.0534698058444
-0.9186285299,-0.733121049332,-0.0534698058444
-0.421037205481,-1.09087738707,-0.0672896856689
-0.538662498231,-0.940121151706,-0.0672896856689
-0.574383890388,-1.00779352814,-0.0800483669535
-0.580895158478,-1.0015391414,-0.0800483669535
-0.111661955272,-1.11237385638,-0.0915446376727
0.206096835598,-1.08703491356,-0.0915446376727
0.0624786324231,-1.08720863228,-0.0677314631798
0.0301112615637,-1.11747580156,-0.0677314631798
0.10128675384,-1.10011824305,-0.0677314631798
0.0272625849389,-1.21731083415,-0.0733650022759
-0.17951885676,-1.16759622901,-0.0733650022759
0.501530995855,-0.866924354496,-0.0733650022759
1.32994528802,-0.454519938884,-0.0778415314601
0.795857671841,-0.849563081871,-0.0778415314601
0.446431391415,-0.96551416859,-0.0778415314601
0.788188264606,-0.633394035312,-0.0810904531928
0.942097661807,-0.363660677807,-0.0810904531928
1.34916501977,-0.696534649086,-0.0810904531928
1.24785800155,-0.973868807654,-0.0830605300376
1.0739196557,-0.0841635599713,-0.0830605300376
1.19346910911,-0.678923944586,-0.0830605300376
1.08450366056,-1.02052085465,-0.0837206927058
0.968952982466,-0.297673933615,-0.0837206927058
1.05801721158,-0.570242415691,-0.0837206927058
1.39622081479,0.0267627143135,-0.0830605300376
0.925792741517,-0.516677489248,-0.0830605300376
1.17220881912,0.126459583173,-0.0830605300376
1.2671215785,-0.45317253934,-0.0810904531928
1.41320735429,-0.182400699699,-0.0810904531928
1.42730426902,-0.419505161128,-0.0810904531928
2.12779444806,-0.0873844227541,-0.0778415314601
1.78733865569,-0.178001498129,-0.0778415314601
1.67635784192,-0.285855669973,-0.0778415314601
1.64813318773,-0.0868718718608,-0.0733650022759
1.33074178293,-0.314764411999,-0.0733650022759
1.62823787547,-0.107207637174,-0.0733650022759
1.0486028787,-0.463796717349,-0.0677314631798
1.43303645516,-0.113177787669,-0.0677314631798
1.17170405277,-0.516972108818,-0.0677314631798
1.33944775256,-0.796942628288,-0.0915446376727
1.5760589157,-0.183225500915,-0.0915446376727
2.3240011746,0.086007855927,-0.0800483669535
2.32396450086,0.134607725925,-0.0800483669535
2.30873146869,-0.024076740102,-0.0672896856689
1.09776780693,0.702875519322,-0.0672896856689
2.31838068501,-0.0916830841446,-0.0534698058444
2.31551992018,0.0763134510945,-0.0534698058444
1.27032609096,0.184193654097,0.0534698058444
1.61341913367,0.385975289857,0.0534698058444
1.78010747853,-0.0709183760968,0.0672896856689
1.36324910315,0.136589696811,0.0672896856689
1.58901534532,0.102603643082,0.0800483669535
1.3409427077,0.111578877939,0.0800483669535
1.50820623992,0.313625745614,0.0915446376727
1.70458364134,0.313140974874,0.0915446376727
1.16360863837,0.335593286065,0.0677314631798
1.2935782685,0.597137764045,0.0677314631798
1.15116446774,0.237815474087,0.0677314631798
1.29827711582,0.635519660021,0.0733650022759
1.1030701624,-0.149288584086,0.0733650022759
1.03511100339,0.119106428143,0.0733650022759
1.35739324734,0.267051311066,0.0778415314601
1.22927434751,0.163377412058,0.0778415314601
1.21851866454,-0.00581365282173,0.0778415314601
1.26824176304,0.514230542841,0.0810904531928
1.17307229755,0.260904699394,0.0810904531928
1.07915894848,-0.102555673734,0.0810904531928
0.744469853669,0.710589853739,0.0830605300376
1.20823206029,0.691320572307,0.0830605300376
1.23506945046,0.780707270407,0.0830605300376
0.892806984214,1.10627170801,0.0837206927058
0.945788784422,1.16429570081,0.0837206927058
0.935701811586,1.05042997918,0.0837206927058
0.519146599301,0.895903012899,0.0830605300376
0.41034630282,0.933446410241,0.0830605300376
0.562747453292,0.877108112695,0.0830605300376
0.431717050519,0.960952742116,0.0810904531928
0.43713817673,0.910194733281,0.0810904531928
0.468714355321,0.917712726372,0.0810904531928
0.112720635153,1.14967905175,0.0778415314601
-0.076518678847,1.16771056677,0.0778415314601
0.043436043584,1.15977459297,0.0778415314601
-0.0496443934974,1.12504205679,0.0733650022759
-0.0152398220889,1.11902122205,0.0733650022759
0.0410165102579,1.11350075092,0.0733650022759
-0.373434065601,1.0994525241,0.0677314631798
-0.569368269042,1.11100137189,0.0677314631798
-0.2459142097,1.13963265829,0.0677314631798
-0.519029635817,1.10326688165,0.0915446376727
-0.324666657576,1.07947143629,0.0915446376727
-0.43061345672,1.07076364243,0.0800483669535
-0.51466143428,1.0397219064,0.0800483669535
-0.734710286755,0.837967622258,0.0672896856689
-0.493284460667,0.983228679668,0.0672896856689
-0.986789396157,0.649486157519,0.0534698058444
-0.961979640149,0.663256555753,0.0534698058444
-1.00195901088,-0.615769026266,-0.0534698058444
-0.905311160586,-0.691388503842,-0.0534698058444
-0.898362421817,-0.812688727118,-0.0672896856689
-0.914125846824,-0.79110553212,-0.0672896856689
-0.503473579548,-0.998745928536,-0.0800483669535
-0.396757639334,-1.06907444619,-0.0800483669535
-0.500558336502,-1.07406231338,-0.0915446376727
-0.341545219293,-1.11003739515,-0.0915446376727
-0.133957623843,-1.07946794897,-0.0677314631798
-0.337011630266,-1.1209690105,-0.0677314631798
-0.299147549029,-1.08844601354,-0.0677314631798
0.0886227272479,-1.14461208842,-0.0733650022759
-0.0516356139007,-1.14978557371,-0.0733650022759
-0.023074811015,-1.14202487579,-0.0733650022759
-0.0354481452051,-1.09386896189,-0.0778415314601
0.182161739544,-1.13706340754,-0.0778415314601
0.137851955825,-1.1598395372,-0.0778415314601
0.279526300315,-1.09107798294,-0.0810904531928
-0.0990119262354,-1.15438628621,-0.0810904531928
-0.0087619566171,-1.20883706104,-0.0810904531928
0.625182091046,-0.86518780073,-0.0830605300376
0.595875476503,-0.803353204005,-0.0830605300376
0.502144111013,-0.942698452808,-0.0830605300376
0.68269287599,-0.914972463744,-0.0837206927058
1.01256785284,-0.328626502252,-0.0837206927058
1.2046615822,-1.11127172455,-0.0837206927058
1.00313300175,-0.572207622053,-0.0830605300376
1.08365715802,-1.07403351411,-0.0830605300376
1.32088365801,-0.852115398182,-0.0830605300376
0.967814890696,-1.02779157329,-0.0810904531928
0.95738191949,-0.610340790516,-0.0810904531928
1.04911840167,-0.837017063098,-0.0810904531928
1.31751163366,-0.657864119185,-0.0778415314601
1.21301823688,-0.522444901279,-0.0778415314601
1.09560656724,-0.503317208181,-0.0778415314601
1.39051486807,0.194257886722,-0.0733650022759
1.29030104823,0.222839137428,-0.0733650022759
1.27351603667,0.248715646746,-0.0733650022759
1.28338269807,-0.244681178432,-0.0677314631798
1.5801807621,-0.395907452381,-0.0677314631798
1.51525211612,-0.535829628759,-0.0677314631798
1.41976120214,-0.572918131577,-0.0915446376727
1.259694843,-1.00905510459,-0.0915446376727
1.18598412405,-0.0535479724828,-0.0800483669535
1.95830094448,0.232530870446,-0.0800483669535
1.70198908859,0.148611795617,-0.0672896856689
1.68934308101,0.126326825586,-0.0672896856689
1.7617211666,-0.140799310457,-0.0534698058444
2.15285121566,0.0484106059991,-0.0534698058444
1.53128361654,0.337495755992,0.0534698058444
1.50541628829,0.339505234766,0.0534698058444
1.25639273187,0.149061814789,0.0672896856689
1.14262567775,0.0588037837572,0.0672896856689
1.26801788293,-0.104025802329,0.0800483669535
1.26347515887,-0.155222602109,0.0800483669535
1.11648735893,0.247424810707,0.0915446376727
1.00914560514,0.0345638274182,0.0915446376727
0.94795249309,0.406354721614,0.0677314631798
0.97124587931,0.36535247497,0.0677314631798
0.946141445399,0.440623920506,0.0677314631798
0.94139022416,0.349339854294,0.0733650022759
0.988828475013,0.471425018713,0.0733650022759
1.00569977799,0.295054556607,0.0733650022759
0.717697115686,0.746707463918,0.0778415314601
0.748737440307,0.733957594082,0.0778415314601
0.78601791934,0.759647517576,0.0778415314601
0.632828301933,0.940890348609,0.0810904531928
0.684909357973,0.91487648396,0.0810904531928
0.696461690783,0.797014506305,0.0810904531928
0.458944158411,0.94210288794,0.0830605300376
0.413653718537,0.961951760974,0.0830605300376
0.376409526523,0.951528241817,0.0830605300376
0.318160917684,1.0821134052,0.0837206927058
0.286510912686,1.12785124485,0.0837206927058
0.373464426235,0.972499032032,0.0837206927058
0.150584025838,1.09190470631,0.0830605300376
0.107589510105,1.13828774587,0.0830605300376
0.0554168507023,1.19426708502,0.0830605300376
-0.0349881740753,1.12045805368,0.0810904531928
0.0652738191467,1.13208710725,0.0810904531928
0.0397863038503,1.12387500293,0.0810904531928
-0.235651302622,1.16264264191,0.0778415314601
-0.0034363585919,1.04869880694,0.0778415314601
-0.188395930248,1.14772436997,0.0778415314601
-0.230720191845,1.09111339165,0.0733650022759
-0.287642132529,1.08507370063,0.0733650022759
-0.268195614498,1.08136780361,0.0733650022759
-0.489659618127,1.05883355271,0.0677314631798
-0.457669346025,1.06627368373,0.0677314631798
-0.439924099565,1.05894432137,0.0677314631798
-0.524079836971,1.0020641664,0.0915446376727
-0.5681190409,0.959801428745,0.0915446376727
-0.755006148651,0.82911063828,0.0800483669535
-0.723987041105,0.853973961159,0.0800483669535
-0.842972469658,0.735007852625,0.0672896856689
-0.884380566713,0.723170223742,0.0672896856689
-1.00137288872,0.565403398645,0.0534698058444
-0.971052708594,0.566431123254,0.0534698058444
-1.00088841584,-0.577319091709,-0.0534698058444
-1.02966989129,-0.549302332125,-0.0534698058444
-0.826430042839,-0.783613194682,-0.0672896856689
-0.873128958335,-0.743542685121,-0.0672896856689
-0.71503401217,-0.868439567474,-0.0800483669535
-0.825694971514,-0.845638527816,-0.0800483669535
-0.535171650727,-0.961720568978,-0.0915446376727
-0.422120149252,-1.02157893292,-0.0915446376727
-0.359836967287,-1.08107624463,-0.0677314631798
-0.49316447037,-1.04812330385,-0.0677314631798
-0.417548792418,-1.06002687456,-0.0677314631798
-0.382337655602,-1.10332127288,-0.0733650022759
-0.250039864537,-1.06220699944,-0.0733650022759
-0.455621368514,-1.1026629018,-0.0733650022759
0.126909001584,-1.06779591839,-0.0778415314601
-0.136750777633,-1.09165450354,-0.0778415314601
-0.0215025548524,-1.10122516062,-0.0778415314601
0.140729604398,-1.13561046664,-0.0810904531928
0.0393542044891,-1.10096167841,-0.0810904531928
0.14702181285,-1.11560967878,-0.0810904531928
0.148245260136,-1.14307133484,-0.0830605300376
0.0833155146819,-1.17736495117,-0.0830605300376
0.172841238379,-1.14964327412,-0.0830605300376
0.213934624725,-1.14439205384,-0.0837206927058
0.180977811478,-1.20395232754,-0.0837206927058
0.30049429572,-1.00670922114,-0.0837206927058
0.495440120897,-0.941108272412,-0.0830605300376
0.467085034414,-0.950449648649,-0.0830605300376
0.549494240386,-0.905775767843,-0.0830605300376
0.538235981562,-0.977785675174,-0.0810904531928
0.483469983526,-0.993146869317,-0.0810904531928
0.528645851584,-1.00444337548,-0.0810904531928
0.724397704873,-0.854014209395,-0.0778415314601
0.755716595255,-0.830057774458,-0.0778415314601
0.784474192762,-0.690926550822,-0.0778415314601
0.853164460848,-0.593233416643,-0.0733650022759
0.916514890882,-0.48184659736,-0.0733650022759
0.946041374898,-0.492896521442,-0.0733650022759
0.891708777046,-0.483487113756,-0.0677314631798
1.04980529045,-0.448147962203,-0.0677314631798
0.889384196173,-0.498581524221,-0.0677314631798
1.00398799726,-0.466905788264,-0.0915446376727
1.15890981976,-0.50888681735,-0.0915446376727
1.28097553041,0.178286484368,-0.0800483669535
1.17843299842,0.208161550971,-0.0800483669535
1.21963463192,0.0944338281665,-0.0672896856689
1.23824259895,0.0395616881987,-0.0672896856689
1.22944364088,-0.284657363728,-0.0534698058444
1.20793334938,-0.129189304236,-0.0534698058444
0.972394201979,0.4789457107,0.0534698058444
1.02584999745,0.472212320838,0.0534698058444
0.923541477569,0.643488599896,0.0672896856689
0.951642517737,0.606117391358,0.0672896856689
0.826059553896,0.728321015953,0.0800483669535
0.855829849946,0.693621107223,0.0800483669535
0.793560846155,0.840747576915,0.0915446376727
0.75937740545,0.836220213833,0.0915446376727
0.688993170558,0.909079905861,0.0677314631798
0.655346237425,0.867177090129,0.0677314631798
0.671259861054,0.928706208804,0.0677314631798
0.564450095953,0.975870009527,0.0733650022759
0.567304953245,0.994269345318,0.0733650022759
0.563262118953,0.986865074852,0.0733650022759
0.439160533368,1.0468097664,0.0778415314601
0.417940737336,1.06021439603,0.0778415314601
0.407294969736,1.01826707657,0.0778415314601
0.274217419236,1.07223905752,0.0810904531928
0.255689167121,1.06048068351,0.0810904531928
0.277613714816,1.0796311674,0.0810904531928
0.130270314057,1.09827914778,0.0830605300376
0.160458819592,1.08687143559,0.0830605300376
0.143478671106,1.08089521254,0.0830605300376
-0.0221776982279,1.08321026992,0.0837206927058
0.0273489704319,1.13048921334,0.0837206927058
0.00988018030834,1.12046842512,0.0837206927058
-0.141842322837,1.15171617857,0.0830605300376
-0.105173905785,1.09703213601,0.0830605300376
-0.119419237027,1.1635552025,0.0830605300376
-0.291719660279,1.09700299528,0.0810904531928
-0.282661706677,1.1249430007,0.0810904531928
-0.30413981068,1.069578483,0.0810904531928
-0.428022521767,1.02530430864,0.0778415314601
-0.418414054509,1.01531026233,0.0778415314601
-0.380414512425,1.04500495913,0.0778415314601
-0.554075860083,0.970615640066,0.0733650022759
-0.574071609291,0.991399434953,0.0733650022759
-0.541936678853,1.01549209382,0.0733650022759
-0.656406740477,0.900774026028,0.0677314631798
-0.684873081967,0.901529151556,0.0677314631798
-0.657497348423,0.901123538699,0.0677314631798
-0.804649067623,0.786159487221,0.0915446376727
-0.74462409931,0.827489343043,0.0915446376727
-0.85166315765,0.745606998021,0.0800483669535
-0.86620513536,0.737698280623,0.0800483669535
-0.930840595325,0.61448689351,0.0672896856689
-0.897349475063,0.59184375531,0.0672896856689
-0.99780728568,0.474744857087,0.0534698058444
-1.00131177262,0.49017352337,0.0534698058444
-1.02343183553,-0.47842614369,-0.0534698058444
-0.976268671635,-0.492322987201,-0.0534698058444
-0.915419998302,-0.573616667952,-0.0672896856689
-0.955533186638,-0.576041543632,-0.0672896856689
-0.856315199865,-0.702941772266,-0.0800483669535
-0.849673678286,-0.713247283005,-0.0800483669535
-0.777257167971,-0.819021570172,-0.0915446376727
-0.764607709208,-0.842296711783,-0.0915446376727
-0.643154544943,-0.912929165439,-0.0677314631798
-0.657570817215,-0.902957867592,-0.0677314631798
-0.632835554619,-0.91757313492,-0.0677314631798
-0.518392332006,-1.01576109284,-0.0733650022759
-0.564275864281,-0.988767725453,-0.0733650022759
-0.54580412475,-0.996988645726,-0.0733650022759
-0.407929094465,-1.07994595079,-0.0778415314601
-0.423614929533,-1.06612321859,-0.0778415314601
-0.434686760534,-1.01455813382,-0.0778415314601
-0.263650639683,-1.08948797738,-0.0810904531928
-0.269842019443,-1.07335924446,-0.0810904531928
-0.281280514136,-1.1003420399,-0.0810904531928
-0.158375330841,-1.11803830662,-0.0830605300376
-0.148008636957,-1.13047989754,-0.0830605300376
-0.13944792884,-1.1084324854,-0.0830605300376
0.0142326765874,-1.14700757504,-0.0837206927058
0.0330302019921,-1.13728816785,-0.0837206927058
0.0374424247554,-1.13104846607,-0.0837206927058
0.141481872093,-1.13087851798,-0.0830605300376
0.133290351879,-1.09281238715,-0.0830605300376
0.163131685615,-1.12308623797,-0.0830605300376
0.282919917366,-1.06514574952,-0.0810904531928
0.263239675631,-1.09030285545,-0.0810904531928
0.267427884599,-1.08883705665,-0.0810904531928
0.393303751223,-1.05582403047,-0.0778415314601
0.41989741724,-1.05087429991,-0.0778415314601
0.400869360966,-1.04629847349,-0.0778415314601
0.534305271159,-0.99190284213,-0.0733650022759
0.518681217702,-0.966965309469,-0.0733650022759
0.498857575365,-1.00670764678,-0.0733650022759
0.670402955242,-0.879690337326,-0.0677314631798
0.6621252151,-0.91493640515,-0.0677314631798
0.683731099426,-0.923940448399,-0.0677314631798
0.802786995144,-0.843375477411,-0.0915446376727
0.801727005282,-0.82611861088,-0.0915446376727
0.866883399947,-0.748691571594,-0.0800483669535
0.838102788766,-0.688909709406,-0.0800483669535
0.966620110791,-0.595935985406,-0.0672896856689
0.95132747472,-0.581224715061,-0.0672896856689
1.03670099359,-0.47613534879,-0.0534698058444
0.998259042487,-0.511842186315,-0.0534698058444
